[{"id":83,"sourcecryptKey":"32F4D5E990FA2A80","imgList":[],"accountBookInfo":{"AccountBookType":"标准账套","Model":"iPhone","CreatedTime":1473239107891,"SyncProtocolVersion":"8.1","CreatorNickName":"随小佳","AccountBookDescription":"记账的滋味，无论阳春白雪，青菜豆腐，都要自己去尝一尝。","Filters":"","KDSyncModel":"iphone","CreatorAccount":"hmjdream@163.com","ResourceSize":26868,"ResourceURL":"http://downloads.feidee.com/datashare/20160907/25341920906/201609071705080152_photo.zip","FilterType":"all","UDID":"FA08F0EF-804E-4AC5-B76F-2F088F25B6C1","AccountBookName":"标准理财","DataURL":"http://downloads.feidee.com/datashare/20160907/25341920906/201609071705080152_out.zip","ProductName":"MyMoneyPro","DataSize":75974,"Version":"1","ProductVersion":"10.2.8"},"imgCode":"suite_bg_for_standard","zipName":"2D7F5C851473239979174.zip","tag":"青春 透明 共享","currentCount":148,"name":"标准理财","bookId":25341920906,"memList":[],"simpleMem":"标准账本，分类较全","shareCode":"2D7F5C85"},{"id":84,"sourcecryptKey":"D7B1F3190F3BB753","imgList":[],"accountBookInfo":{"AccountBookType":"生意账本","Model":"iPhone","CreatedTime":1473239124077,"SyncProtocolVersion":"8.1","CreatorNickName":"随小佳","AccountBookDescription":"记账的滋味，无论阳春白雪，青菜豆腐，都要自己去尝一尝。","Filters":"","KDSyncModel":"iphone","CreatorAccount":"hmjdream@163.com","ResourceSize":26868,"ResourceURL":"http://downloads.feidee.com/datashare/20160907/25341920909/201609071705240335_photo.zip","FilterType":"all","UDID":"FA08F0EF-804E-4AC5-B76F-2F088F25B6C1","AccountBookName":"生意账本","DataURL":"http://downloads.feidee.com/datashare/20160907/25341920909/201609071705240335_out.zip","ProductName":"MyMoneyPro","DataSize":73434,"Version":"1","ProductVersion":"10.2.8"},"imgCode":"suite_bg_for_business","zipName":"8C85EF481473239979174.zip","tag":"社团经费 透明 共享","currentCount":100,"name":"生意账本","bookId":25341920909,"memList":[],"simpleMem":"帮你轻松打理生意流水账","shareCode":"8C85EF48"},{"id":85,"sourcecryptKey":"B05132BF3EB75778","imgList":[],"accountBookInfo":{"AccountBookType":"餐饮账本","Model":"iPhone","CreatedTime":1473239138619,"SyncProtocolVersion":"8.1","CreatorNickName":"随小佳","AccountBookDescription":"记账的滋味，无论阳春白雪，青菜豆腐，都要自己去尝一尝。","Filters":"","KDSyncModel":"iphone","CreatorAccount":"hmjdream@163.com","ResourceSize":26868,"ResourceURL":"http://downloads.feidee.com/datashare/20160907/25341920912/201609071705380880_photo.zip","FilterType":"all","UDID":"FA08F0EF-804E-4AC5-B76F-2F088F25B6C1","AccountBookName":"餐饮生意","DataURL":"http://downloads.feidee.com/datashare/20160907/25341920912/201609071705380880_out.zip","ProductName":"MyMoneyPro","DataSize":75041,"Version":"1","ProductVersion":"10.2.8"},"imgCode":"suite_bg_for_catering","zipName":"DCFCCCE71473239979174.zip","tag":"社团经费 透明 共享","currentCount":96,"name":"餐饮生意","bookId":25341920912,"memList":[],"simpleMem":"轻松打理餐饮生意账，账目清晰赚钱快","shareCode":"DCFCCCE7"},{"id":86,"sourcecryptKey":"D5843FD429B3154B","imgList":[],"accountBookInfo":{"AccountBookType":"旅游账套","Model":"iPhone","CreatedTime":1473239164773,"SyncProtocolVersion":"8.1","CreatorNickName":"随小佳","AccountBookDescription":"记账的滋味，无论阳春白雪，青菜豆腐，都要自己去尝一尝。","Filters":"","KDSyncModel":"iphone","CreatorAccount":"hmjdream@163.com","ResourceSize":26868,"ResourceURL":"http://downloads.feidee.com/datashare/20160907/25341920914/201609071706050033_photo.zip","FilterType":"all","UDID":"FA08F0EF-804E-4AC5-B76F-2F088F25B6C1","AccountBookName":"旅游账本","DataURL":"http://downloads.feidee.com/datashare/20160907/25341920914/201609071706050033_out.zip","ProductName":"MyMoneyPro","DataSize":74137,"Version":"1","ProductVersion":"10.2.8"},"imgCode":"suite_bg_for_travel_new","zipName":"7FE40BD91473239979175.zip","tag":"社团经费 透明 共享","currentCount":93,"name":"旅游账本","bookId":25341920914,"memList":[],"simpleMem":"适合出游，精心定义旅游分类","shareCode":"7FE40BD9"},{"id":90,"sourcecryptKey":"172D3E3ABB62D4F0","imgList":[],"accountBookInfo":{"AccountBookType":"宝宝账本","Model":"iPhone","CreatedTime":1473239219817,"SyncProtocolVersion":"8.1","CreatorNickName":"随小佳","AccountBookDescription":"记账的滋味，无论阳春白雪，青菜豆腐，都要自己去尝一尝。","Filters":"","KDSyncModel":"iphone","CreatorAccount":"hmjdream@163.com","ResourceSize":26868,"ResourceURL":"http://downloads.feidee.com/datashare/20160907/25341921202/201609071707000077_photo.zip","FilterType":"all","UDID":"FA08F0EF-804E-4AC5-B76F-2F088F25B6C1","AccountBookName":"宝宝账本","DataURL":"http://downloads.feidee.com/datashare/20160907/25341921202/201609071707000077_out.zip","ProductName":"MyMoneyPro","DataSize":73649,"Version":"1","ProductVersion":"10.2.8"},"imgCode":"suite_bg_for_baby","zipName":"9F3BEF521473239979175.zip","tag":"社团经费 透明 共享","currentCount":76,"name":"宝宝账本","bookId":25341921202,"memList":[],"simpleMem":"亲爱的宝贝","shareCode":"9F3BEF52"},{"id":107,"sourcecryptKey":"8FA6538F191FA148","imgList":[],"accountBookInfo":{"AccountBookType":"标准账套","Model":"iPhone","CreatedTime":1473238152235,"SyncProtocolVersion":"8.1","CreatorNickName":"100z1","AccountBookDescription":"记账的滋味，无论阳春白雪，青菜豆腐，都要自己去尝一尝。","Filters":"","KDSyncModel":"iphone","CreatorAccount":"u_n0klcja","ResourceSize":14711,"ResourceURL":"http://downloads.feidee.com/datashare/20160907/25151917526/201609071649120495_photo.zip","FilterType":"all","UDID":"FA08F0EF-804E-4AC5-B76F-2F088F25B6C1","AccountBookName":"家庭账本","DataURL":"http://downloads.feidee.com/datashare/20160907/25151917526/201609071649120495_out.zip","ProductName":"MyMoneyPro","DataSize":90158,"Version":"1","ProductVersion":"10.2.8"},"imgCode":"suite_bg_for_new_11","zipName":"13844D5D1473239979830.zip","tag":"梦想 透明 共享","currentCount":9919,"name":"家庭账本","bookId":25151917526,"memList":[],"simpleMem":"管理温馨小家庭，成就满满又有爱","shareCode":"13844D5D"},{"id":95,"sourcecryptKey":"5F92DBA5785D0FBB","imgList":[],"accountBookInfo":{"AccountBookType":"标准账套","Model":"iPhone","CreatedTime":1473238262719,"SyncProtocolVersion":"8.1","CreatorNickName":"100z1","AccountBookDescription":"记账的滋味，无论阳春白雪，青菜豆腐，都要自己去尝一尝。","Filters":"","KDSyncModel":"iphone","CreatorAccount":"u_n0klcja","ResourceSize":14711,"ResourceURL":"http://downloads.feidee.com/datashare/20160907/25207920374/201609071651020984_photo.zip","FilterType":"all","UDID":"FA08F0EF-804E-4AC5-B76F-2F088F25B6C1","AccountBookName":"大学生账本","DataURL":"http://downloads.feidee.com/datashare/20160907/25207920374/201609071651020984_out.zip","ProductName":"MyMoneyPro","DataSize":77112,"Version":"1","ProductVersion":"10.2.8"},"imgCode":"suite_bg_for_new_5","zipName":"FDD531671473239979839.zip","tag":"社团经费 透明 共享","currentCount":3890,"name":"大学生账本","bookId":25207920374,"memList":[],"simpleMem":"专为大学生打造，贴近大学生活","shareCode":"FDD53167"},{"id":102,"sourcecryptKey":"4298810B6A5CDE20","imgList":[],"accountBookInfo":{"AccountBookType":"标准账套","Model":"iPhone","CreatedTime":1473238543669,"SyncProtocolVersion":"8.1","CreatorNickName":"100z1","AccountBookDescription":"记账的滋味，无论阳春白雪，青菜豆腐，都要自己去尝一尝。","Filters":"","KDSyncModel":"iphone","CreatorAccount":"u_n0klcja","ResourceSize":14711,"ResourceURL":"http://downloads.feidee.com/datashare/20160907/25207974986/201609071655430922_photo.zip","FilterType":"all","UDID":"FA08F0EF-804E-4AC5-B76F-2F088F25B6C1","AccountBookName":"白领账本","DataURL":"http://downloads.feidee.com/datashare/20160907/25207974986/201609071655430922_out.zip","ProductName":"MyMoneyPro","DataSize":73600,"Version":"1","ProductVersion":"10.2.8"},"imgCode":"suite_bg_for_new_7","zipName":"00C836811473239979843.zip","tag":"青春 梦想 透明","currentCount":4233,"name":"白领账本","bookId":25207974986,"memList":[],"simpleMem":"精致白领生活从记账开始","shareCode":"00C83681"},{"id":87,"sourcecryptKey":"DD8E8C2DD8D64C83","imgList":[],"accountBookInfo":{"AccountBookType":"装修账套","Model":"iPhone","CreatedTime":1473239177719,"SyncProtocolVersion":"8.1","CreatorNickName":"随小佳","AccountBookDescription":"记账的滋味，无论阳春白雪，青菜豆腐，都要自己去尝一尝。","Filters":"","KDSyncModel":"iphone","CreatorAccount":"hmjdream@163.com","ResourceSize":26868,"ResourceURL":"http://downloads.feidee.com/datashare/20160907/25341920919/201609071706170725_photo.zip","FilterType":"all","UDID":"FA08F0EF-804E-4AC5-B76F-2F088F25B6C1","AccountBookName":"装修账本","DataURL":"http://downloads.feidee.com/datashare/20160907/25341920919/201609071706170725_out.zip","ProductName":"MyMoneyPro","DataSize":75184,"Version":"1","ProductVersion":"10.2.8"},"imgCode":"suite_bg_for_fitment","zipName":"320BC4171473239979905.zip","tag":"社团经费 透明 共享","currentCount":407,"name":"装修账本","bookId":25341920919,"memList":[],"simpleMem":"装修必备，贴心为装修场景打造","shareCode":"320BC417"},{"id":92,"sourcecryptKey":"426FEB5DCB407465","imgList":[],"accountBookInfo":{"AccountBookType":"人情账本","Model":"iPhone","CreatedTime":1473239250704,"SyncProtocolVersion":"8.1","CreatorNickName":"随小佳","AccountBookDescription":"记账的滋味，无论阳春白雪，青菜豆腐，都要自己去尝一尝。","Filters":"","KDSyncModel":"iphone","CreatorAccount":"hmjdream@163.com","ResourceSize":26868,"ResourceURL":"http://downloads.feidee.com/datashare/20160907/25341921381/201609071707300713_photo.zip","FilterType":"all","UDID":"FA08F0EF-804E-4AC5-B76F-2F088F25B6C1","AccountBookName":"人情账本","DataURL":"http://downloads.feidee.com/datashare/20160907/25341921381/201609071707300713_out.zip","ProductName":"MyMoneyPro","DataSize":73262,"Version":"1","ProductVersion":"10.2.8"},"imgCode":"suite_bg_for_humanity","zipName":"4292CC991473239979926.zip","tag":"社团经费 透明 共享","currentCount":347,"name":"人情账本","bookId":25341921381,"memList":[],"simpleMem":"钻石恒久远，人情永流传","shareCode":"4292CC99"}]